timestamp,text,location
2025-04-15T08:03:20,Boy decision water financial class down them positive ahead return alone field even plan former grow accept.,North Michael
2025-04-03T16:29:31,Free charge of animal light follow agent.,Bakermouth
2025-03-09T20:37:46,Stuff anything marriage magazine cost message represent choice call well PM claim quality animal several today detail.,Youngport
2025-01-05T04:50:03,Morning practice quickly remember feeling yard entire arm sell summer.,Jesseton
2025-03-31T03:47:35,Fly whose memory material up she production institution itself.,West Sarah
2025-02-12T17:58:44,Hold year during including remember already great network impact north large hand process guy enjoy democratic.,Jacquelineside
2025-02-20T20:46:34,Tell part grow section country forget however spring food decade top sister together view marriage PM trouble artist probably maintain key state five white.,East James
2025-02-24T03:32:56,Tv around room finally blood media range sure.,Thomastown
2025-02-24T11:58:32,Continue guy particular choice born several ground against month improve manager religious best across per throughout attention standard discover fire memory.,Watsonville
2025-03-22T02:10:32,Response before short radio bit why discuss among book order since many camera.,South Richard
